<?xml version="1.0" encoding="UTF-8" standalone="no"?><shapes><triangle><x>108</x><y>88</y><xpoints>322,108,536</xpoints><ypoints>88,382,382</ypoints><color>-16737793</color><filled>true</filled></triangle><triangle><x>446</x><y>473</y><xpoints>440,446,434</xpoints><ypoints>473,209,209</ypoints><color>-16777216</color><filled>false</filled></triangle><triangle><x>367</x><y>227</y><xpoints>199,367,31</xpoints><ypoints>227,120,120</ypoints><color>-16777216</color><filled>false</filled></triangle><triangle><x>12</x><y>53</y><xpoints>180,12,348</xpoints><ypoints>53,271,271</ypoints><color>-10066177</color><filled>true</filled></triangle><triangle><x>106</x><y>72</y><xpoints>175,106,244</xpoints><ypoints>72,176,176</ypoints><color>-16777216</color><filled>false</filled></triangle><triangle><x>349</x><y>103</y><xpoints>437,349,526</xpoints><ypoints>103,299,299</ypoints><color>-10066177</color><filled>true</filled></triangle><triangle><x>672</x><y>248</y><xpoints>713,672,754</xpoints><ypoints>248,382,382</ypoints><color>-16777216</color><filled>false</filled></triangle><triangle><x>596</x><y>448</y><xpoints>529,596,461</xpoints><ypoints>448,378,378</ypoints><color>-10066177</color><filled>true</filled></triangle><triangle><x>310</x><y>505</y><xpoints>258,310,205</xpoints><ypoints>505,412,412</ypoints><color>-16777216</color><filled>false</filled></triangle><triangle><x>315</x><y>579</y><xpoints>329,315,344</xpoints><ypoints>579,335,335</ypoints><color>-16777216</color><filled>true</filled></triangle><rectangle><xr>79</xr><yr>332</yr><wr>179</wr><hr>257</hr><color>-16737793</color><filled>true</filled></rectangle><circle><x>88</x><y>165</y><radius>113</radius><color>-16737793</color><filled>true</filled></circle><circle><x>393</x><y>552</y><radius>29</radius><color>-10066177</color><filled>true</filled></circle></shapes>